n,structure,operation,mean_time_ms,metric,mean_count,theory
100,DynamicArray,insert_begin,0.920200,movements,601420.0,Theta(m*n+m^2)
100,DynamicArray,remove_begin,0.148180,movements,49500.0,Theta(m*n)
100,DynamicArray,insert_middle,1.272940,movements,551420.0,Theta(m*n+m^2)
100,DynamicArray,remove_middle,0.019300,movements,24500.0,Theta(m*n)
100,LinkedList,insert_begin,0.059240,accesses,0.0,Theta(m)
100,LinkedList,remove_begin,0.041340,accesses,1000.0,Theta(m)
100,LinkedList,insert_middle,0.062260,accesses,50000.0,Theta(m*n)
100,LinkedList,remove_middle,0.057780,accesses,51000.0,Theta(m*n)
1000,DynamicArray,insert_begin,0.077860,movements,1500524.0,Theta(m*n+m^2)
1000,DynamicArray,remove_begin,0.046980,movements,499500.0,Theta(m*n)
1000,DynamicArray,insert_middle,0.061060,movements,1000524.0,Theta(m*n+m^2)
1000,DynamicArray,remove_middle,0.041340,movements,249500.0,Theta(m*n)
1000,LinkedList,insert_begin,0.017260,accesses,0.0,Theta(m)
1000,LinkedList,remove_begin,0.014640,accesses,1000.0,Theta(m)
1000,LinkedList,insert_middle,0.522540,accesses,500000.0,Theta(m*n)
1000,LinkedList,remove_middle,0.546920,accesses,501000.0,Theta(m*n)
10000,DynamicArray,insert_begin,0.310660,movements,10499500.0,Theta(m*n+m^2)
10000,DynamicArray,remove_begin,0.443620,movements,9499500.0,Theta(m*n)
10000,DynamicArray,insert_middle,0.170740,movements,5499500.0,Theta(m*n+m^2)
10000,DynamicArray,remove_middle,0.203360,movements,4499500.0,Theta(m*n)
10000,LinkedList,insert_begin,0.016880,accesses,0.0,Theta(m)
10000,LinkedList,remove_begin,0.015920,accesses,1000.0,Theta(m)
10000,LinkedList,insert_middle,9.573960,accesses,5000000.0,Theta(m*n)
10000,LinkedList,remove_middle,9.590840,accesses,5001000.0,Theta(m*n)
100000,DynamicArray,insert_begin,5.399580,movements,100499500.0,Theta(m*n+m^2)
100000,DynamicArray,remove_begin,5.693560,movements,99499500.0,Theta(m*n)
100000,DynamicArray,insert_middle,2.680220,movements,50499500.0,Theta(m*n+m^2)
100000,DynamicArray,remove_middle,2.716240,movements,49499500.0,Theta(m*n)
100000,LinkedList,insert_begin,0.012840,accesses,0.0,Theta(m)
100000,LinkedList,remove_begin,0.007220,accesses,1000.0,Theta(m)
100000,LinkedList,insert_middle,77.521960,accesses,50000000.0,Theta(m*n)
100000,LinkedList,remove_middle,92.748560,accesses,50001000.0,Theta(m*n)
